{
    "name": "AQUEOUS MINER",

    "left": {
        "ports": [{
                "Sink": {
                    "Electricity": 10
                }
            },
            {
                "Sink": "Fuel"
            },
            null,
            {
                "Source": "Water"
            },
            {
                "Source": "Water"
            }
        ],
        "slider": [
            false, false, false, false, false
        ]
    },
    "right": {
        "ports": [{
                "Sink": "Water"
            },
            {
                "Source": {
                    "Electricity": 10
                }
            },
            null,
            {
                "Source": "Fuel"
            },
            {
                "Sink": "Water"
            }
        ],
        "slider": [
            false, false, false, false, false
        ]
    },
    "width": 4
}