{
    "name": "PATCH JOB",

    "left": {
        "ports": [{
                "Source": "Water"
            },
            {
                "Sink": "Fuel"
            },
            {
                "Sink": {
                    "Electricity": 12
                }
            },
            {
                "Sink": "Water"
            },
            {
                "Sink": "Fuel"
            }
        ],
        "slider": [
            false, false, false, false, false
        ]
    },
    "right": {
        "ports": [{
                "Source": {
                    "Electricity": 12
                }
            },
            null,
            {
                "Source": "Fuel"
            },
            {
                "Source": "Fuel"
            },
            null
        ],
        "slider": [
            false, false, false, false, false
        ]
    },
    "width": 3
}