{
    "name": "GENERATOR DOCK",

    "left": {
        "ports": [{
                "Source": {
                    "Electricity": 20
                }
            },
            {
                "Source": {
                    "Data": 0
                }
            },
            null,
            null,
            {
                "Sink": "Fuel"
            }
        ],
        "slider": [
            false, false, false, false, false
        ]
    },
    "right": {
        "ports": [
            null,
            {
                "Source": "Fuel"
            },
            {
                "Sink": {
                    "Electricity": 20
                }
            },
            {
                "Sink": {
                    "Data": 0
                }
            }
        ],
        "slider": [
            false, false, false, false, false
        ]
    },
    "width": 3
}